,tnv,distance,velocity,accelerate,week_date,date,hour in date,min in date,latitude,longitude,time,moving,active,time_difference,address,type,address_type,hall,nation,count
37,40,0.0,0.0,0.0,4,28:03:2013 ,1,37,43.706606,-72.2870135,1364409462,False,0.0,,"Dartmouth College, College Street, Hanover, Grafton County, New Hampshire, 03755, United States",university,amenity,Dartmouth College,us,32.0
170,40,7.590632223309023,0.0063255268527575,5.271272377297933e-06,5,29:03:2013 ,6,9,43.7066563,-72.2866138,1364512141,False,0.0,102679.0,"Dartmouth College, College Street, Hanover, Grafton County, New Hampshire, 03755, United States",university,amenity,Dartmouth College,us,3.0
35,40,864.33147845175,0.7184800319632169,0.000597240259321,5,29:03:2013 ,6,29,43.7003595,-72.2893004,1364513344,True,1.0,1203.0,"South Street, Hanover, Grafton County, New Hampshire, 03755, United States",parking,amenity,,us,1.0
0,40,5.025369771859286,0.004187808143216,3.489840119346727e-06,6,30:03:2013 ,2,29,43.6516465,-72.309872,1364585341,False,0.0,71997.0,"North Main Street, The Falls at Rivers Edge, West Lebanon, Lebanon, Grafton County, New Hampshire, 03784, United States",primary,road,North Main Street,us,17.0
109,40,0.247072991891159,0.0002058941599092,1.715784665910827e-07,3,03:04:2013 ,4,12,43.7066495,-72.2867053,1364937157,False,0.0,351816.0,"Dartmouth College, College Street, Hanover, Grafton County, New Hampshire, 03755, United States",university,amenity,Dartmouth College,us,28.0
26,40,0.2746103799244532,0.0002288419832703,1.907016527253148e-07,3,03:04:2013 ,20,52,43.6516217,-72.3099541,1364997157,False,0.0,60000.0,"North Main Street, The Falls at Rivers Edge, West Lebanon, Lebanon, Grafton County, New Hampshire, 03784, United States",primary,road,North Main Street,us,2.0
110,40,2.484456563682504,0.0020703804697354,1.7253170581128496e-06,3,03:04:2013 ,22,32,43.7066315,-72.2867075,1365003157,False,0.0,6000.0,"Dartmouth College, College Street, Hanover, Grafton County, New Hampshire, 03755, United States",university,amenity,Dartmouth College,us,28.0
111,40,23.8150818769128,0.019845901564094,1.6538251303411667e-05,3,03:04:2013 ,22,52,43.706805,-72.2866703,1365004357,True,1.0,1200.0,"Dartmouth College, College Street, Hanover, Grafton County, New Hampshire, 03755, United States",university,amenity,Dartmouth College,us,28.0
38,40,24.336680471595724,0.0202805670596631,1.6900472549719252e-05,3,03:04:2013 ,23,12,43.7066277,-72.2871538,1365005557,True,1.0,1200.0,"Dartmouth College, College Street, Hanover, Grafton County, New Hampshire, 03755, United States",university,amenity,Dartmouth College,us,32.0
112,40,6.533704652046892,0.0054447538767057,4.537294897254786e-06,4,04:04:2013 ,0,32,43.7067641,-72.2868468,1365010357,False,0.0,4800.0,"Dartmouth College, College Street, Hanover, Grafton County, New Hampshire, 03755, United States",university,amenity,Dartmouth College,us,28.0
39,40,20.08153897997861,0.0167346158166488,1.3945513180540703e-05,4,04:04:2013 ,0,52,43.7066178,-72.2869486,1365011557,True,1.0,1200.0,"Dartmouth College, College Street, Hanover, Grafton County, New Hampshire, 03755, United States",university,amenity,Dartmouth College,us,32.0
113,40,7.2062952520936,0.0060052460434113,5.004371702842777e-06,4,04:04:2013 ,8,32,43.7066836,-72.2868466,1365039157,False,0.0,27600.0,"Dartmouth College, College Street, Hanover, Grafton County, New Hampshire, 03755, United States",university,amenity,Dartmouth College,us,28.0
197,40,66.59979383099551,0.0554998281924962,4.624985682708021e-05,4,04:04:2013 ,8,52,43.7071688,-72.2861764,1365040357,True,1.0,1200.0,"Berry Hall, 10, Maynard Street, Hanover, Grafton County, New Hampshire, 03755, United States",dormitory,building,Berry Hall,us,3.0
114,40,60.51905491936213,0.0504325457661351,4.202712147177926e-05,4,04:04:2013 ,9,12,43.7067279,-72.2867663,1365041557,True,1.0,1200.0,"Dartmouth College, College Street, Hanover, Grafton County, New Hampshire, 03755, United States",university,amenity,Dartmouth College,us,28.0
115,40,5.408151353396629,0.0045067927944971,3.755660662080993e-06,4,04:04:2013 ,12,12,43.7067315,-72.2868923,1365052357,False,0.0,10800.0,"Dartmouth College, College Street, Hanover, Grafton County, New Hampshire, 03755, United States",university,amenity,Dartmouth College,us,28.0
40,40,24.58376364201629,0.0204864697016802,1.7072058084733534e-05,4,04:04:2013 ,12,32,43.7065524,-72.2870864,1365053557,True,1.0,1200.0,"Dartmouth College, College Street, Hanover, Grafton County, New Hampshire, 03755, United States",university,amenity,Dartmouth College,us,32.0
116,40,22.71699072022013,0.0189308256001834,1.5775688000152872e-05,4,04:04:2013 ,12,52,43.7067179,-72.2868459,1365054757,True,1.0,1200.0,"Dartmouth College, College Street, Hanover, Grafton County, New Hampshire, 03755, United States",university,amenity,Dartmouth College,us,28.0
41,40,22.27774961192476,0.0185647913432706,1.5470659452725526e-05,4,04:04:2013 ,13,12,43.7065556,-72.2870565,1365055957,True,1.0,1200.0,"Dartmouth College, College Street, Hanover, Grafton County, New Hampshire, 03755, United States",university,amenity,Dartmouth College,us,32.0
42,40,3.239401941011121,0.0026995016175092,2.249584681257723e-06,4,04:04:2013 ,16,12,43.70661,-72.2870639,1365066757,False,0.0,10800.0,"Dartmouth College, College Street, Hanover, Grafton County, New Hampshire, 03755, United States",university,amenity,Dartmouth College,us,32.0
193,40,29.11342321842084,0.0242611860153506,2.021765501279225e-05,4,04:04:2013 ,16,32,43.7068221,-72.2868042,1365067957,True,1.0,1200.0,"Dartmouth College, College Street, Hanover, Grafton County, New Hampshire, 03755, United States",university,amenity,Dartmouth College,us,4.0
43,40,28.454561772499137,0.0237121348104159,1.976011234201329e-05,4,04:04:2013 ,16,52,43.7066148,-72.2869202,1365069157,True,1.0,1200.0,"Dartmouth College, College Street, Hanover, Grafton County, New Hampshire, 03755, United States",university,amenity,Dartmouth College,us,32.0
166,40,9.553484642893183,0.0079612372024109,6.634364335342489e-06,4,04:04:2013 ,18,52,43.7067652,-72.2869619,1365076357,False,0.0,7200.0,"Dartmouth College, College Street, Hanover, Grafton County, New Hampshire, 03755, United States",university,amenity,Dartmouth College,us,2.0
44,40,28.23495031884097,0.0235291252657008,1.9607604388084004e-05,4,04:04:2013 ,19,12,43.7065595,-72.2871291,1365077557,True,1.0,1200.0,"Dartmouth College, College Street, Hanover, Grafton County, New Hampshire, 03755, United States",university,amenity,Dartmouth College,us,32.0
117,40,9.416222969045638,0.0078468524742046,6.539043728503915e-06,4,04:04:2013 ,20,12,43.7067451,-72.2867905,1365081157,False,0.0,3600.0,"Dartmouth College, College Street, Hanover, Grafton County, New Hampshire, 03755, United States",university,amenity,Dartmouth College,us,28.0
45,40,26.491715275529,0.0220764293962741,1.8397024496895137e-05,4,04:04:2013 ,20,32,43.7065521,-72.2870563,1365082357,True,1.0,1200.0,"Dartmouth College, College Street, Hanover, Grafton County, New Hampshire, 03755, United States",university,amenity,Dartmouth College,us,32.0
46,40,8.07105296465275,0.0067258774705439,5.604897892119966e-06,4,04:04:2013 ,23,12,43.7065776,-72.2870796,1365091957,False,0.0,9600.0,"Dartmouth College, College Street, Hanover, Grafton County, New Hampshire, 03755, United States",university,amenity,Dartmouth College,us,32.0
157,40,20.534510468752465,0.0171120920572937,1.4260076714411434e-05,4,04:04:2013 ,23,32,43.7067272,-72.2869803,1365093157,True,1.0,1200.0,"Dartmouth College, College Street, Hanover, Grafton County, New Hampshire, 03755, United States",university,amenity,Dartmouth College,us,2.0
168,40,12.820343140777409,0.0053418096419905,2.225754017496078e-06,5,05:04:2013 ,1,32,43.7066005,-72.2872734,1365100357,False,0.0,7200.0,"Dartmouth College, College Street, Hanover, Grafton County, New Hampshire, 03755, United States",university,amenity,Dartmouth College,us,2.0
118,40,23.54056066959198,0.0196171338913266,1.634761157610554e-05,5,05:04:2013 ,1,52,43.706772,-72.2867256,1365101557,True,1.0,1200.0,"Dartmouth College, College Street, Hanover, Grafton County, New Hampshire, 03755, United States",university,amenity,Dartmouth College,us,28.0
47,40,25.50341893837492,0.0212528491153124,1.771070759609369e-05,5,05:04:2013 ,2,12,43.7065862,-72.2870415,1365102757,True,1.0,1200.0,"Dartmouth College, College Street, Hanover, Grafton County, New Hampshire, 03755, United States",university,amenity,Dartmouth College,us,32.0
48,40,3.527653525683781,0.0014704683308394,6.129505339055544e-07,5,05:04:2013 ,7,12,43.7066489,-72.2870208,1365120757,False,0.0,18000.0,"Dartmouth College, College Street, Hanover, Grafton County, New Hampshire, 03755, United States",university,amenity,Dartmouth College,us,32.0
119,40,20.726669966340424,0.0172722249719503,1.4393520809958629e-05,5,05:04:2013 ,7,32,43.7067999,-72.2866497,1365121957,True,1.0,1200.0,"Dartmouth College, College Street, Hanover, Grafton County, New Hampshire, 03755, United States",university,amenity,Dartmouth College,us,28.0
120,40,14.220419848335355,0.0118503498736127,9.875291561343998e-06,5,05:04:2013 ,8,32,43.706744,-72.2866977,1365125557,False,0.0,3600.0,"Dartmouth College, College Street, Hanover, Grafton County, New Hampshire, 03755, United States",university,amenity,Dartmouth College,us,28.0
49,40,21.98949441743532,0.018324578681196,1.527048223433008e-05,5,05:04:2013 ,8,52,43.7065838,-72.2870788,1365126757,True,1.0,1200.0,"Dartmouth College, College Street, Hanover, Grafton County, New Hampshire, 03755, United States",university,amenity,Dartmouth College,us,32.0
121,40,21.014929228210068,0.0175124410235083,1.459370085292366e-05,5,05:04:2013 ,9,12,43.7067369,-72.2867191,1365127957,True,1.0,1200.0,"Dartmouth College, College Street, Hanover, Grafton County, New Hampshire, 03755, United States",university,amenity,Dartmouth College,us,28.0
50,40,17.171574959701584,0.0143096457997513,1.19247048331261e-05,5,05:04:2013 ,12,12,43.7065653,-72.287078,1365138757,False,0.0,10800.0,"Dartmouth College, College Street, Hanover, Grafton County, New Hampshire, 03755, United States",university,amenity,Dartmouth College,us,32.0
122,40,20.8227636033585,0.0173523030027987,1.4460252502332291e-05,5,05:04:2013 ,12,32,43.706717,-72.286719,1365139957,True,1.0,1200.0,"Dartmouth College, College Street, Hanover, Grafton County, New Hampshire, 03755, United States",university,amenity,Dartmouth College,us,28.0
123,40,7.247474603557136,0.0060395621696309,5.032968474692455e-06,5,05:04:2013 ,13,52,43.7066709,-72.2868811,1365144757,False,0.0,4800.0,"Dartmouth College, College Street, Hanover, Grafton County, New Hampshire, 03755, United States",university,amenity,Dartmouth College,us,28.0
51,40,20.61687468615302,0.0171807289051275,1.4317274087606265e-05,5,05:04:2013 ,14,12,43.7065207,-72.2871097,1365145957,True,1.0,1200.0,"Dartmouth College, College Street, Hanover, Grafton County, New Hampshire, 03755, United States",university,amenity,Dartmouth College,us,32.0
52,40,1.1255551836424735,0.0009379626530353,7.816355441961622e-07,5,05:04:2013 ,18,32,43.7065828,-72.2870188,1365161557,False,0.0,15600.0,"Dartmouth College, College Street, Hanover, Grafton County, New Hampshire, 03755, United States",university,amenity,Dartmouth College,us,32.0
124,40,23.14250119934318,0.0192854176661193,1.6071181388432763e-05,5,05:04:2013 ,18,52,43.7067514,-72.2867434,1365162757,True,1.0,1200.0,"Dartmouth College, College Street, Hanover, Grafton County, New Hampshire, 03755, United States",university,amenity,Dartmouth College,us,28.0
125,40,5.078719644553401,0.0042322663704611,3.5268886420509733e-06,5,05:04:2013 ,19,52,43.7067343,-72.2868124,1365166357,False,0.0,3600.0,"Dartmouth College, College Street, Hanover, Grafton County, New Hampshire, 03755, United States",university,amenity,Dartmouth College,us,28.0
53,40,21.79732765226529,0.018164439710221,1.51370330918509e-05,5,05:04:2013 ,20,12,43.7065755,-72.2871125,1365167557,True,1.0,1200.0,"Dartmouth College, College Street, Hanover, Grafton County, New Hampshire, 03755, United States",university,amenity,Dartmouth College,us,32.0
126,40,12.60072345307334,0.0026256977397527,5.471343487711457e-07,5,05:04:2013 ,22,52,43.7066825,-72.2868847,1365177157,False,0.0,9600.0,"Dartmouth College, College Street, Hanover, Grafton County, New Hampshire, 03755, United States",university,amenity,Dartmouth College,us,28.0
198,40,72.4746231109246,0.0603955192591038,5.032959938258653e-05,5,05:04:2013 ,23,12,43.7072105,-72.2861743,1365178357,True,1.0,1200.0,"Berry Hall, 10, Maynard Street, Hanover, Grafton County, New Hampshire, 03755, United States",dormitory,building,Berry Hall,us,3.0
54,40,74.56101695916156,0.0621341807993013,5.177848399941775e-05,5,05:04:2013 ,23,32,43.7066673,-72.2869229,1365179557,True,1.0,1200.0,"Dartmouth College, College Street, Hanover, Grafton County, New Hampshire, 03755, United States",university,amenity,Dartmouth College,us,32.0
55,40,4.570850287964572,0.0038090419066371,3.174201588864286e-06,6,06:04:2013 ,4,52,43.7066346,-72.2870074,1365198757,False,0.0,19200.0,"Dartmouth College, College Street, Hanover, Grafton County, New Hampshire, 03755, United States",university,amenity,Dartmouth College,us,32.0
188,40,31.611598766145534,0.0263429989717879,2.195249914315662e-05,6,06:04:2013 ,5,12,43.7068649,-72.2864923,1365199957,True,1.0,1200.0,"Dartmouth College, College Street, Hanover, Grafton County, New Hampshire, 03755, United States",university,amenity,Dartmouth College,us,5.0
127,40,28.2898396125873,0.0235748663438227,1.9645721953185625e-05,6,06:04:2013 ,5,32,43.7066588,-72.2868597,1365201157,True,1.0,1200.0,"Dartmouth College, College Street, Hanover, Grafton County, New Hampshire, 03755, United States",university,amenity,Dartmouth College,us,28.0
128,40,5.6964019034053965,0.0047470015861711,3.9558346551426365e-06,6,06:04:2013 ,6,12,43.7067692,-72.2868867,1365203557,False,0.0,2400.0,"Dartmouth College, College Street, Hanover, Grafton County, New Hampshire, 03755, United States",university,amenity,Dartmouth College,us,28.0
56,40,25.27007253979916,0.0210583937831659,1.754866148597164e-05,6,06:04:2013 ,6,32,43.7065851,-72.2870352,1365204757,True,1.0,1200.0,"Dartmouth College, College Street, Hanover, Grafton County, New Hampshire, 03755, United States",university,amenity,Dartmouth College,us,32.0
57,40,18.90108337783513,0.0078754514074313,3.2814380864297107e-06,6,06:04:2013 ,9,52,43.7065847,-72.2870346,1365216757,False,0.0,12000.0,"Dartmouth College, College Street, Hanover, Grafton County, New Hampshire, 03755, United States",university,amenity,Dartmouth College,us,32.0
189,40,33.34111689305176,0.0277842640775431,2.315355339795261e-05,6,06:04:2013 ,10,12,43.7068276,-72.2866364,1365217957,True,1.0,1200.0,"Dartmouth College, College Street, Hanover, Grafton County, New Hampshire, 03755, United States",university,amenity,Dartmouth College,us,5.0
58,40,35.74321640867556,0.0297860136738962,2.4821678061580247e-05,6,06:04:2013 ,10,32,43.7065672,-72.2870781,1365219157,True,1.0,1200.0,"Dartmouth College, College Street, Hanover, Grafton County, New Hampshire, 03755, United States",university,amenity,Dartmouth College,us,32.0
59,40,8.002421214968233,0.0066686843458068,5.55723695483905e-06,6,06:04:2013 ,11,52,43.7066439,-72.2869144,1365223957,False,0.0,4800.0,"Dartmouth College, College Street, Hanover, Grafton County, New Hampshire, 03755, United States",university,amenity,Dartmouth College,us,32.0
199,40,59.86022376556041,0.0498835198046336,4.1569599837194734e-05,6,06:04:2013 ,12,12,43.70708,-72.2863155,1365225157,True,1.0,1200.0,"Berry Hall, 10, Maynard Street, Hanover, Grafton County, New Hampshire, 03755, United States",dormitory,building,Berry Hall,us,3.0
60,40,63.36042483127566,0.052800354026063,4.4000295021719205e-05,6,06:04:2013 ,12,32,43.7066184,-72.2870174,1365226357,True,1.0,1200.0,"Dartmouth College, College Street, Hanover, Grafton County, New Hampshire, 03755, United States",university,amenity,Dartmouth College,us,32.0
61,40,16.95195268809269,0.0141266272400772,1.1772189366731031e-05,6,06:04:2013 ,13,12,43.7065851,-72.2870696,1365228757,False,0.0,2400.0,"Dartmouth College, College Street, Hanover, Grafton County, New Hampshire, 03755, United States",university,amenity,Dartmouth College,us,32.0
165,40,31.18609335199703,0.0259884111266641,2.165700927222016e-05,6,06:04:2013 ,13,32,43.7068123,-72.286794,1365229957,True,1.0,1200.0,"Dartmouth College, College Street, Hanover, Grafton County, New Hampshire, 03755, United States",university,amenity,Dartmouth College,us,1.0
62,40,24.762194107902427,0.0206351617565853,1.7195968130487796e-05,6,06:04:2013 ,13,52,43.7066319,-72.2870272,1365231157,True,1.0,1200.0,"Dartmouth College, College Street, Hanover, Grafton County, New Hampshire, 03755, United States",university,amenity,Dartmouth College,us,32.0
171,40,23.1836736144949,0.019319728012079,1.6099773343399236e-05,6,06:04:2013 ,14,12,43.7068008,-72.2866279,1365232357,True,1.0,1200.0,"Dartmouth College, College Street, Hanover, Grafton County, New Hampshire, 03755, United States",university,amenity,Dartmouth College,us,3.0
63,40,18.54420207364528,0.0154535017280377,1.2877918106698106e-05,6,06:04:2013 ,15,52,43.7065678,-72.2870032,1365238357,False,0.0,6000.0,"Dartmouth College, College Street, Hanover, Grafton County, New Hampshire, 03755, United States",university,amenity,Dartmouth College,us,32.0
129,40,21.06983620278213,0.0175581968356517,1.463183069637648e-05,6,06:04:2013 ,16,12,43.7067213,-72.2867616,1365239557,True,1.0,1200.0,"Dartmouth College, College Street, Hanover, Grafton County, New Hampshire, 03755, United States",university,amenity,Dartmouth College,us,28.0
64,40,21.577708701205204,0.017981423917671,1.49845199313925e-05,6,06:04:2013 ,16,32,43.7065641,-72.2870759,1365240757,True,1.0,1200.0,"Dartmouth College, College Street, Hanover, Grafton County, New Hampshire, 03755, United States",university,amenity,Dartmouth College,us,32.0
190,40,19.71092188961365,0.0164257682413447,1.3688140201120594e-05,6,06:04:2013 ,17,32,43.7068322,-72.2866274,1365244357,False,0.0,3600.0,"Dartmouth College, College Street, Hanover, Grafton County, New Hampshire, 03755, United States",university,amenity,Dartmouth College,us,5.0
65,40,24.21314026175238,0.0201776168847936,1.681468073732804e-05,6,06:04:2013 ,17,52,43.7066558,-72.2868889,1365245557,True,1.0,1200.0,"Dartmouth College, College Street, Hanover, Grafton County, New Hampshire, 03755, United States",university,amenity,Dartmouth College,us,32.0
130,40,10.308434000130278,0.0085903616667752,7.158634722312693e-06,6,06:04:2013 ,22,52,43.7066911,-72.286866,1365263557,False,0.0,18000.0,"Dartmouth College, College Street, Hanover, Grafton County, New Hampshire, 03755, United States",university,amenity,Dartmouth College,us,28.0
201,40,49.49689416214912,0.0412474118017909,3.437284316815911e-05,6,06:04:2013 ,23,12,43.7070517,-72.2863842,1365264757,True,1.0,1200.0,"Berry Hall, 10, Maynard Street, Hanover, Grafton County, New Hampshire, 03755, United States",dormitory,building,Berry Hall,us,1.0
191,40,27.809390760022463,0.0231744923000187,1.9312076916682263e-05,6,06:04:2013 ,23,32,43.7068491,-72.2865867,1365265957,True,1.0,1200.0,"Dartmouth College, College Street, Hanover, Grafton County, New Hampshire, 03755, United States",university,amenity,Dartmouth College,us,5.0
131,40,20.42468622070844,0.0170205718505903,1.418380987549197e-05,6,06:04:2013 ,23,52,43.7067003,-72.2867891,1365267157,True,1.0,1200.0,"Dartmouth College, College Street, Hanover, Grafton County, New Hampshire, 03755, United States",university,amenity,Dartmouth College,us,28.0
132,40,15.126350173651026,0.0126052918113758,1.0504409842813212e-05,0,07:04:2013 ,1,12,43.7067915,-72.2867076,1365271957,False,0.0,4800.0,"Dartmouth College, College Street, Hanover, Grafton County, New Hampshire, 03755, United States",university,amenity,Dartmouth College,us,28.0
66,40,29.44285900861495,0.0245357158405124,2.044642986709372e-05,0,07:04:2013 ,1,32,43.706577,-72.2870758,1365273157,True,1.0,1200.0,"Dartmouth College, College Street, Hanover, Grafton County, New Hampshire, 03755, United States",university,amenity,Dartmouth College,us,32.0
133,40,18.96971100665824,0.0158080925055485,1.3173410421290445e-05,0,07:04:2013 ,3,12,43.7067579,-72.2867441,1365279157,False,0.0,6000.0,"Dartmouth College, College Street, Hanover, Grafton County, New Hampshire, 03755, United States",university,amenity,Dartmouth College,us,28.0
192,40,31.68020812823485,0.0264001734401957,2.2000144533496424e-05,0,07:04:2013 ,3,32,43.7069887,-72.2864951,1365280357,True,1.0,1200.0,"Dartmouth College, College Street, Hanover, Grafton County, New Hampshire, 03755, United States",university,amenity,Dartmouth College,us,5.0
67,40,5.353250675744033,0.0044610422297866,3.717535191488912e-06,0,07:04:2013 ,4,52,43.7065846,-72.2870722,1365285157,False,0.0,4800.0,"Dartmouth College, College Street, Hanover, Grafton County, New Hampshire, 03755, United States",university,amenity,Dartmouth College,us,32.0
134,40,24.84455829626032,0.0207037985802169,1.7253165483514108e-05,0,07:04:2013 ,5,12,43.7067656,-72.2866412,1365286357,True,1.0,1200.0,"Dartmouth College, College Street, Hanover, Grafton County, New Hampshire, 03755, United States",university,amenity,Dartmouth College,us,28.0
68,40,9.141700639587556,3.563696292179475e-05,1.389230709207157e-10,3,10:04:2013 ,5,28,43.7066167,-72.2869602,1365546480,False,0.0,260123.0,"Dartmouth College, College Street, Hanover, Grafton County, New Hampshire, 03755, United States",university,amenity,Dartmouth College,us,32.0
172,40,21.852227677567527,0.018119591772444,1.5024537124746313e-05,3,10:04:2013 ,5,48,43.7067759,-72.2865921,1365547686,True,1.0,1206.0,"Dartmouth College, College Street, Hanover, Grafton County, New Hampshire, 03755, United States",university,amenity,Dartmouth College,us,3.0
135,40,7.988689008199945,0.0066572408401666,5.5477007001388506e-06,3,10:04:2013 ,6,8,43.7067177,-72.286854,1365548886,False,0.0,1200.0,"Dartmouth College, College Street, Hanover, Grafton County, New Hampshire, 03755, United States",university,amenity,Dartmouth College,us,28.0
33,40,0.0,0.0,0.0,3,10:04:2013 ,7,48,43.6519067,-72.3094622,1365554887,False,0.0,6001.0,"North Main Street, The Falls at Rivers Edge, West Lebanon, Lebanon, Grafton County, New Hampshire, 03784, United States",primary,road,North Main Street,us,2.0
17,40,30.687680134019008,0.0127918633322296,5.3321647904250444e-06,3,10:04:2013 ,8,28,43.6516832,-72.3094414,1365557286,True,1.0,2399.0,"5, Highland Avenue, West Lebanon, Lebanon, Grafton County, New Hampshire, 03784, United States",house,place,,us,5.0
27,40,0.0,0.0,0.0,3,10:04:2013 ,10,28,43.6516404,-72.3098888,1365564487,False,0.0,7201.0,"North Main Street, The Falls at Rivers Edge, West Lebanon, Lebanon, Grafton County, New Hampshire, 03784, United States",primary,road,North Main Street,us,2.0
36,40,28.106353306532764,0.0117158621536193,4.883644082375709e-06,3,10:04:2013 ,11,8,43.6518451,-72.3105685,1365566886,True,1.0,2399.0,"North Main Street, The Falls at Rivers Edge, West Lebanon, Lebanon, Grafton County, New Hampshire, 03784, United States",primary,road,North Main Street,us,1.0
34,40,6.837788935785602,0.005698157446488,4.748464538740001e-06,3,10:04:2013 ,11,48,43.6518949,-72.3096036,1365569286,False,0.0,2400.0,"North Main Street, The Falls at Rivers Edge, West Lebanon, Lebanon, Grafton County, New Hampshire, 03784, United States",primary,road,North Main Street,us,2.0
69,40,45.06353577975394,0.0375529464831282,3.129412206927357e-05,3,10:04:2013 ,12,8,43.6515667,-72.3100975,1365570486,True,1.0,1200.0,"North Main Street, The Falls at Rivers Edge, West Lebanon, Lebanon, Grafton County, New Hampshire, 03784, United States",primary,road,North Main Street,us,40.0
70,40,0.0,0.0,0.0,3,10:04:2013 ,16,8,43.6515005,-72.3101514,1365584886,False,0.0,14400.0,"North Main Street, The Falls at Rivers Edge, West Lebanon, Lebanon, Grafton County, New Hampshire, 03784, United States",primary,road,North Main Street,us,40.0
1,40,20.719358498494703,0.0172661320820789,1.4388443401732431e-05,3,10:04:2013 ,16,28,43.6516514,-72.3098708,1365586086,True,1.0,1200.0,"North Main Street, The Falls at Rivers Edge, West Lebanon, Lebanon, Grafton County, New Hampshire, 03784, United States",primary,road,North Main Street,us,17.0
159,40,21.680495499757072,0.0180670795831308,1.505589965260908e-05,3,10:04:2013 ,16,48,43.6514935,-72.3102666,1365587286,True,1.0,1200.0,"North Main Street, The Falls at Rivers Edge, West Lebanon, Lebanon, Grafton County, New Hampshire, 03784, United States",primary,road,North Main Street,us,6.0
71,40,0.0,0.0,0.0,3,10:04:2013 ,18,48,43.6515061,-72.3100108,1365594486,False,0.0,7200.0,"North Main Street, The Falls at Rivers Edge, West Lebanon, Lebanon, Grafton County, New Hampshire, 03784, United States",primary,road,North Main Street,us,40.0
28,40,31.497810757013912,0.0262481756308449,2.187347969237077e-05,3,10:04:2013 ,19,8,43.6517355,-72.3090695,1365595686,True,1.0,1200.0,"37, Pearl Street, West Lebanon, Lebanon, Grafton County, New Hampshire, 03784, United States",house,place,,us,5.0
72,40,33.008168872797086,0.0275068073939975,2.2922339494997976e-05,3,10:04:2013 ,19,28,43.6514951,-72.3100196,1365596886,True,1.0,1200.0,"North Main Street, The Falls at Rivers Edge, West Lebanon, Lebanon, Grafton County, New Hampshire, 03784, United States",primary,road,North Main Street,us,40.0
73,40,0.6453348482023954,0.0005377790401686,4.481492001405524e-07,3,10:04:2013 ,20,28,43.6514935,-72.3102077,1365600486,False,0.0,3600.0,"North Main Street, The Falls at Rivers Edge, West Lebanon, Lebanon, Grafton County, New Hampshire, 03784, United States",primary,road,North Main Street,us,40.0
194,40,7.563167246980811,0.006302639372484,5.252199477070008e-06,4,11:04:2013 ,8,28,43.7069485,-72.2869499,1365643686,False,0.0,43200.0,"Dartmouth College, College Street, Hanover, Grafton County, New Hampshire, 03755, United States",university,amenity,Dartmouth College,us,4.0
136,40,20.795283995681228,0.0173149741845805,1.4417130878085378e-05,4,11:04:2013 ,8,48,43.706797,-72.286867,1365644887,True,1.0,1201.0,"Dartmouth College, College Street, Hanover, Grafton County, New Hampshire, 03755, United States",university,amenity,Dartmouth College,us,28.0
195,40,6.314082118441534,0.0052617350987012,4.3847792489177314e-06,4,11:04:2013 ,13,8,43.7068256,-72.2869173,1365660486,False,0.0,15599.0,"Dartmouth College, College Street, Hanover, Grafton County, New Hampshire, 03755, United States",university,amenity,Dartmouth College,us,4.0
169,40,21.16590778941174,0.0176382564911764,1.4698547075980377e-05,4,11:04:2013 ,13,28,43.7066714,-72.2871658,1365661686,True,1.0,1200.0,"Dartmouth College, College Street, Hanover, Grafton County, New Hampshire, 03755, United States",university,amenity,Dartmouth College,us,2.0
158,40,7.055301971043,0.0058794183092024,4.8995152576687495e-06,4,11:04:2013 ,20,28,43.7067386,-72.2869507,1365686886,False,0.0,25200.0,"Dartmouth College, College Street, Hanover, Grafton County, New Hampshire, 03755, United States",university,amenity,Dartmouth College,us,2.0
74,40,6.316046349986762,0.0052633719583223,4.386143298601918e-06,6,13:04:2013 ,16,2,43.6514301,-72.3100583,1365843747,False,0.0,156861.0,"North Main Street, The Falls at Rivers Edge, West Lebanon, Lebanon, Grafton County, New Hampshire, 03784, United States",primary,road,North Main Street,us,40.0
173,40,24.701242724184,0.02058436893682,1.7153640780683336e-05,6,13:04:2013 ,16,22,43.6512502,-72.3101372,1365844947,True,1.0,1200.0,"North Main Street, The Falls at Rivers Edge, West Lebanon, Lebanon, Grafton County, New Hampshire, 03784, United States",primary,road,North Main Street,us,15.0
174,40,0.0,0.0,0.0,6,13:04:2013 ,16,42,43.6512502,-72.3101372,1365846147,False,0.0,1200.0,"North Main Street, The Falls at Rivers Edge, West Lebanon, Lebanon, Grafton County, New Hampshire, 03784, United States",primary,road,North Main Street,us,15.0
75,40,28.61444453701659,0.0238453704475138,1.987114203959485e-05,6,13:04:2013 ,17,2,43.6514586,-72.3101917,1365847347,True,1.0,1200.0,"North Main Street, The Falls at Rivers Edge, West Lebanon, Lebanon, Grafton County, New Hampshire, 03784, United States",primary,road,North Main Street,us,40.0
29,40,14.046316057435188,0.0117052633811959,9.754386150996658e-06,6,13:04:2013 ,18,2,43.6517348,-72.3090693,1365850947,False,0.0,3600.0,"37, Pearl Street, West Lebanon, Lebanon, Grafton County, New Hampshire, 03784, United States",house,place,,us,5.0
76,40,37.80012402869836,0.0315001033572486,2.6250086131040523e-05,6,13:04:2013 ,18,22,43.6514595,-72.3102007,1365852147,True,1.0,1200.0,"North Main Street, The Falls at Rivers Edge, West Lebanon, Lebanon, Grafton County, New Hampshire, 03784, United States",primary,road,North Main Street,us,40.0
77,40,0.0,0.0,0.0,0,14:04:2013 ,8,22,43.6514176,-72.3100834,1365902547,False,0.0,50400.0,"North Main Street, The Falls at Rivers Edge, West Lebanon, Lebanon, Grafton County, New Hampshire, 03784, United States",primary,road,North Main Street,us,40.0
18,40,33.28279355373399,0.0277356612947783,2.3113051078981936e-05,0,14:04:2013 ,8,42,43.65166,-72.3094532,1365903747,True,1.0,1200.0,"5, Highland Avenue, West Lebanon, Lebanon, Grafton County, New Hampshire, 03784, United States",house,place,,us,5.0
78,40,1.6613946355377662,0.0013844955296148,1.1537462746790045e-06,0,14:04:2013 ,10,22,43.6514188,-72.3101383,1365909747,False,0.0,6000.0,"North Main Street, The Falls at Rivers Edge, West Lebanon, Lebanon, Grafton County, New Hampshire, 03784, United States",primary,road,North Main Street,us,40.0
175,40,23.13596181362416,0.0192799681780201,1.6066640148350112e-05,0,14:04:2013 ,10,42,43.6512503,-72.3101367,1365910947,True,1.0,1200.0,"North Main Street, The Falls at Rivers Edge, West Lebanon, Lebanon, Grafton County, New Hampshire, 03784, United States",primary,road,North Main Street,us,15.0
176,40,23.14969234871336,0.0192914102905944,1.6076175242162056e-05,0,14:04:2013 ,11,2,43.6514189,-72.3102608,1365912147,True,1.0,1200.0,"North Main Street, The Falls at Rivers Edge, West Lebanon, Lebanon, Grafton County, New Hampshire, 03784, United States",primary,road,North Main Street,us,15.0
79,40,0.6590656610195915,0.0002746106920914,1.144211217047902e-07,1,15:04:2013 ,5,22,43.6514167,-72.3101693,1365978147,False,0.0,66000.0,"North Main Street, The Falls at Rivers Edge, West Lebanon, Lebanon, Grafton County, New Hampshire, 03784, United States",primary,road,North Main Street,us,40.0
2,40,28.05146652157244,0.0116881110506551,4.870046271106326e-06,1,15:04:2013 ,6,2,43.651621,-72.3097072,1365980547,True,1.0,2400.0,"North Main Street, The Falls at Rivers Edge, West Lebanon, Lebanon, Grafton County, New Hampshire, 03784, United States",primary,road,North Main Street,us,17.0
137,40,10.4077453980178,0.0086731211650148,7.227600970845694e-06,1,15:04:2013 ,14,42,43.6513785,-72.3100103,1366011747,False,0.0,31200.0,"North Main Street, The Falls at Rivers Edge, West Lebanon, Lebanon, Grafton County, New Hampshire, 03784, United States",primary,road,North Main Street,us,20.0
80,40,28.44965766956179,0.0237080480579681,1.9756706714973467e-05,1,15:04:2013 ,15,2,43.6515857,-72.3101918,1366012947,True,1.0,1200.0,"North Main Street, The Falls at Rivers Edge, West Lebanon, Lebanon, Grafton County, New Hampshire, 03784, United States",primary,road,North Main Street,us,40.0
177,40,32.6237415011484,0.027186451250957,2.2655376042464168e-05,1,15:04:2013 ,15,22,43.6513481,-72.3101853,1366014147,True,1.0,1200.0,"North Main Street, The Falls at Rivers Edge, West Lebanon, Lebanon, Grafton County, New Hampshire, 03784, United States",primary,road,North Main Street,us,15.0
81,40,10.325361094780895,0.008604467578984,7.1703896491534e-06,1,15:04:2013 ,19,42,43.6513977,-72.3100187,1366029747,False,0.0,15600.0,"North Main Street, The Falls at Rivers Edge, West Lebanon, Lebanon, Grafton County, New Hampshire, 03784, United States",primary,road,North Main Street,us,40.0
196,40,4.255140977064191,0.0035459508142201,2.954959011850133e-06,2,16:04:2013 ,6,2,43.7068423,-72.2870039,1366066947,False,0.0,37200.0,"Dartmouth College, College Street, Hanover, Grafton County, New Hampshire, 03755, United States",university,amenity,Dartmouth College,us,4.0
178,40,4.929263696727379,0.0041077197472728,3.4230997893940133e-06,2,16:04:2013 ,11,2,43.6513731,-72.3102363,1366084947,False,0.0,18000.0,"North Main Street, The Falls at Rivers Edge, West Lebanon, Lebanon, Grafton County, New Hampshire, 03784, United States",primary,road,North Main Street,us,15.0
160,40,21.296055423189028,0.0177467128526575,1.4788927377214602e-05,2,16:04:2013 ,11,22,43.6515282,-72.310321,1366086147,True,1.0,1200.0,"North Main Street, The Falls at Rivers Edge, West Lebanon, Lebanon, Grafton County, New Hampshire, 03784, United States",primary,road,North Main Street,us,6.0
179,40,21.598127263976977,0.0179984393866474,1.49986994888729e-05,2,16:04:2013 ,11,42,43.6513709,-72.3102234,1366087347,True,1.0,1200.0,"North Main Street, The Falls at Rivers Edge, West Lebanon, Lebanon, Grafton County, New Hampshire, 03784, United States",primary,road,North Main Street,us,15.0
82,40,0.0,0.0,0.0,2,16:04:2013 ,18,42,43.6515668,-72.3101998,1366112547,False,0.0,25200.0,"North Main Street, The Falls at Rivers Edge, West Lebanon, Lebanon, Grafton County, New Hampshire, 03784, United States",primary,road,North Main Street,us,40.0
83,40,21.50200883682732,0.0179183406973561,1.4931950581130084e-05,2,16:04:2013 ,19,2,43.6514102,-72.3101705,1366113747,True,1.0,1200.0,"North Main Street, The Falls at Rivers Edge, West Lebanon, Lebanon, Grafton County, New Hampshire, 03784, United States",primary,road,North Main Street,us,40.0
84,40,2.704915708168297,0.0022540964234735,1.878413686227984e-06,2,16:04:2013 ,20,22,43.6514035,-72.3100817,1366118547,False,0.0,4800.0,"North Main Street, The Falls at Rivers Edge, West Lebanon, Lebanon, Grafton County, New Hampshire, 03784, United States",primary,road,North Main Street,us,40.0
167,40,1.6746044279525092,0.0013955036899604,1.162919741633687e-06,3,17:04:2013 ,4,22,43.7068044,-72.2870504,1366147347,False,0.0,28800.0,"Dartmouth College, College Street, Hanover, Grafton County, New Hampshire, 03755, United States",university,amenity,Dartmouth College,us,2.0
161,40,9.940902907992095,0.00828408575666,6.903404797216733e-06,3,17:04:2013 ,6,42,43.6515298,-72.3104069,1366155747,False,0.0,8400.0,"North Main Street, The Falls at Rivers Edge, West Lebanon, Lebanon, Grafton County, New Hampshire, 03784, United States",primary,road,North Main Street,us,6.0
30,40,28.106370754939988,0.0234219756291166,1.951831302426388e-05,3,17:04:2013 ,7,2,43.6517345,-72.3090693,1366156947,True,1.0,1200.0,"37, Pearl Street, West Lebanon, Lebanon, Grafton County, New Hampshire, 03784, United States",house,place,,us,5.0
180,40,66.49695181873811,0.055414126515615,4.617843876301258e-05,3,17:04:2013 ,7,22,43.6512502,-72.3101372,1366158147,True,1.0,1200.0,"North Main Street, The Falls at Rivers Edge, West Lebanon, Lebanon, Grafton County, New Hampshire, 03784, United States",primary,road,North Main Street,us,15.0
19,40,0.0,0.0,0.0,4,18:04:2013 ,23,22,43.6516547,-72.3094698,1366302147,False,0.0,144000.0,"5, Highland Avenue, West Lebanon, Lebanon, Grafton County, New Hampshire, 03784, United States",house,place,,us,5.0
138,40,33.03564491313886,0.0137648520471411,5.735355019642163e-06,5,19:04:2013 ,0,2,43.6514141,-72.3098907,1366304547,True,1.0,2400.0,"North Main Street, The Falls at Rivers Edge, West Lebanon, Lebanon, Grafton County, New Hampshire, 03784, United States",primary,road,North Main Street,us,20.0
85,40,3.707243380057444,0.0030893694833812,2.574474569484336e-06,5,19:04:2013 ,2,2,43.6514521,-72.3101048,1366311747,False,0.0,7200.0,"North Main Street, The Falls at Rivers Edge, West Lebanon, Lebanon, Grafton County, New Hampshire, 03784, United States",primary,road,North Main Street,us,40.0
20,40,30.11103830874733,0.0250925319239561,2.0910443269963424e-05,5,19:04:2013 ,2,22,43.6516714,-72.3094983,1366312947,True,1.0,1200.0,"5, Highland Avenue, West Lebanon, Lebanon, Grafton County, New Hampshire, 03784, United States",house,place,,us,5.0
86,40,32.143157142596564,0.0267859642854971,2.2321636904580947e-05,5,19:04:2013 ,2,42,43.6514373,-72.3101112,1366314147,True,1.0,1200.0,"North Main Street, The Falls at Rivers Edge, West Lebanon, Lebanon, Grafton County, New Hampshire, 03784, United States",primary,road,North Main Street,us,40.0
139,40,5.656980988713157,0.0047141508239276,3.928459019939692e-06,5,19:04:2013 ,7,22,43.6514168,-72.3098738,1366330947,False,0.0,16800.0,"North Main Street, The Falls at Rivers Edge, West Lebanon, Lebanon, Grafton County, New Hampshire, 03784, United States",primary,road,North Main Street,us,20.0
21,40,27.73566456684784,0.0115565269028532,4.815219542855527e-06,5,19:04:2013 ,8,2,43.6516188,-72.3093606,1366333347,True,1.0,2400.0,"5, Highland Avenue, West Lebanon, Lebanon, Grafton County, New Hampshire, 03784, United States",house,place,,us,5.0
200,40,34.61466346650255,0.0288455528887521,2.403796074062677e-05,5,19:04:2013 ,8,22,43.6513667,-72.3098787,1366334547,True,1.0,1200.0,"3, Highland Avenue, West Lebanon, Lebanon, Grafton County, New Hampshire, 03784, United States",house,place,,us,1.0
87,40,7.565525632551826,0.0063046046937931,5.2538372448276575e-06,5,19:04:2013 ,8,42,43.6514218,-72.310104,1366335747,False,0.0,1200.0,"North Main Street, The Falls at Rivers Edge, West Lebanon, Lebanon, Grafton County, New Hampshire, 03784, United States",primary,road,North Main Street,us,40.0
3,40,24.34422539654876,0.0202868544971239,1.690571208093664e-05,5,19:04:2013 ,9,2,43.6515991,-72.3098443,1366336947,True,1.0,1200.0,"North Main Street, The Falls at Rivers Edge, West Lebanon, Lebanon, Grafton County, New Hampshire, 03784, United States",primary,road,North Main Street,us,17.0
140,40,26.69214689448229,0.0222434557454019,1.853621312116826e-05,5,19:04:2013 ,9,22,43.6514047,-72.3098664,1366338147,True,1.0,1200.0,"North Main Street, The Falls at Rivers Edge, West Lebanon, Lebanon, Grafton County, New Hampshire, 03784, United States",primary,road,North Main Street,us,20.0
88,40,6.000242917064726,0.0050002024308872,4.166835359072727e-06,5,19:04:2013 ,18,22,43.6514184,-72.3100634,1366370547,False,0.0,32400.0,"North Main Street, The Falls at Rivers Edge, West Lebanon, Lebanon, Grafton County, New Hampshire, 03784, United States",primary,road,North Main Street,us,40.0
89,40,21.63931307362424,0.0180177461062649,1.50022865164571e-05,5,19:04:2013 ,18,42,43.651576,-72.3102334,1366371748,True,1.0,1201.0,"North Main Street, The Falls at Rivers Edge, West Lebanon, Lebanon, Grafton County, New Hampshire, 03784, United States",primary,road,North Main Street,us,40.0
90,40,10.847115408915752,0.0090392628407631,7.532719033969272e-06,5,19:04:2013 ,22,42,43.6515726,-72.3102255,1366386147,False,0.0,14399.0,"North Main Street, The Falls at Rivers Edge, West Lebanon, Lebanon, Grafton County, New Hampshire, 03784, United States",primary,road,North Main Street,us,40.0
91,40,23.21832505375201,0.01934860421146,1.6123836842883345e-05,5,19:04:2013 ,23,2,43.6514035,-72.3101105,1366387347,True,1.0,1200.0,"North Main Street, The Falls at Rivers Edge, West Lebanon, Lebanon, Grafton County, New Hampshire, 03784, United States",primary,road,North Main Street,us,40.0
181,40,17.643740019281438,0.0147031166827345,1.225259723561211e-05,6,20:04:2013 ,4,2,43.6513242,-72.3102382,1366405347,False,0.0,18000.0,"North Main Street, The Falls at Rivers Edge, West Lebanon, Lebanon, Grafton County, New Hampshire, 03784, United States",primary,road,North Main Street,us,15.0
162,40,25.22299252572197,0.0210191604381016,1.7515967031751368e-05,6,20:04:2013 ,4,22,43.6515079,-72.3103715,1366406547,True,1.0,1200.0,"North Main Street, The Falls at Rivers Edge, West Lebanon, Lebanon, Grafton County, New Hampshire, 03784, United States",primary,road,North Main Street,us,6.0
92,40,1.4279749245107456,0.0011899791037589,9.916492531324622e-07,6,20:04:2013 ,10,22,43.6515087,-72.3101233,1366428147,False,0.0,21600.0,"North Main Street, The Falls at Rivers Edge, West Lebanon, Lebanon, Grafton County, New Hampshire, 03784, United States",primary,road,North Main Street,us,40.0
31,40,27.749380768693733,0.0231244839739114,1.927040331159288e-05,6,20:04:2013 ,10,42,43.6517108,-72.3091138,1366429347,True,1.0,1200.0,"37, Pearl Street, West Lebanon, Lebanon, Grafton County, New Hampshire, 03784, United States",house,place,,us,5.0
93,40,36.70168647701862,0.0061169477461697,1.019491291028295e-06,6,20:04:2013 ,12,22,43.6514435,-72.3100397,1366435347,True,1.0,6000.0,"North Main Street, The Falls at Rivers Edge, West Lebanon, Lebanon, Grafton County, New Hampshire, 03784, United States",primary,road,North Main Street,us,40.0
182,40,9.185728126935963,0.0038273867195566,1.5947444664819383e-06,6,20:04:2013 ,13,2,43.6513766,-72.3100806,1366437747,False,0.0,2400.0,"North Main Street, The Falls at Rivers Edge, West Lebanon, Lebanon, Grafton County, New Hampshire, 03784, United States",primary,road,North Main Street,us,15.0
4,40,37.82760265151682,0.0315230022095973,2.626916850799779e-05,6,20:04:2013 ,13,22,43.6516521,-72.3097181,1366438947,True,1.0,1200.0,"North Main Street, The Falls at Rivers Edge, West Lebanon, Lebanon, Grafton County, New Hampshire, 03784, United States",primary,road,North Main Street,us,17.0
94,40,8.938572421358742,0.0074488103511322,6.207341959276904e-06,6,20:04:2013 ,14,22,43.6515636,-72.310197,1366442547,False,0.0,3600.0,"North Main Street, The Falls at Rivers Edge, West Lebanon, Lebanon, Grafton County, New Hampshire, 03784, United States",primary,road,North Main Street,us,40.0
95,40,21.556931367908387,0.0179641094732569,1.4970091227714155e-05,6,20:04:2013 ,14,42,43.6514066,-72.3100696,1366443747,True,1.0,1200.0,"North Main Street, The Falls at Rivers Edge, West Lebanon, Lebanon, Grafton County, New Hampshire, 03784, United States",primary,road,North Main Street,us,40.0
5,40,12.549694707831044,0.0104580789231925,8.715065769327114e-06,6,20:04:2013 ,22,2,43.6516626,-72.3097217,1366470147,False,0.0,26400.0,"North Main Street, The Falls at Rivers Edge, West Lebanon, Lebanon, Grafton County, New Hampshire, 03784, United States",primary,road,North Main Street,us,17.0
96,40,33.11802665490212,0.0275983555457517,2.2998629621459803e-05,6,20:04:2013 ,22,22,43.6514214,-72.3101681,1366471347,True,1.0,1200.0,"North Main Street, The Falls at Rivers Edge, West Lebanon, Lebanon, Grafton County, New Hampshire, 03784, United States",primary,road,North Main Street,us,40.0
163,40,30.275809709714025,0.0252298414247616,2.102486785396808e-05,6,20:04:2013 ,22,42,43.6516419,-72.3102907,1366472547,True,1.0,1200.0,"North Main Street, The Falls at Rivers Edge, West Lebanon, Lebanon, Grafton County, New Hampshire, 03784, United States",primary,road,North Main Street,us,6.0
97,40,3.56993714879688,0.0014874738119987,6.197807549994584e-07,0,21:04:2013 ,1,22,43.6515246,-72.310203,1366482147,False,0.0,9600.0,"North Main Street, The Falls at Rivers Edge, West Lebanon, Lebanon, Grafton County, New Hampshire, 03784, United States",primary,road,North Main Street,us,40.0
32,40,28.97139373428581,0.0241428281119048,2.011902342658737e-05,0,21:04:2013 ,1,42,43.6517356,-72.3090692,1366483347,True,1.0,1200.0,"37, Pearl Street, West Lebanon, Lebanon, Grafton County, New Hampshire, 03784, United States",house,place,,us,5.0
141,40,46.120827329598455,0.0384340227746653,3.202835231222115e-05,0,21:04:2013 ,2,2,43.6513997,-72.3099419,1366484547,True,1.0,1200.0,"North Main Street, The Falls at Rivers Edge, West Lebanon, Lebanon, Grafton County, New Hampshire, 03784, United States",primary,road,North Main Street,us,20.0
6,40,27.85924191190899,0.0232160349265908,1.934669577215902e-05,0,21:04:2013 ,2,22,43.6516026,-72.3097644,1366485747,True,1.0,1200.0,"North Main Street, The Falls at Rivers Edge, West Lebanon, Lebanon, Grafton County, New Hampshire, 03784, United States",primary,road,North Main Street,us,17.0
183,40,11.32769422929175,0.0094397451910764,7.866454325897049e-06,0,21:04:2013 ,3,22,43.651328,-72.3101082,1366489347,False,0.0,3600.0,"North Main Street, The Falls at Rivers Edge, West Lebanon, Lebanon, Grafton County, New Hampshire, 03784, United States",primary,road,North Main Street,us,15.0
98,40,22.36704210550372,0.0186392017545864,1.5532668128822026e-05,0,21:04:2013 ,3,42,43.6514909,-72.3101508,1366490547,True,1.0,1200.0,"North Main Street, The Falls at Rivers Edge, West Lebanon, Lebanon, Grafton County, New Hampshire, 03784, United States",primary,road,North Main Street,us,40.0
184,40,16.009800740854825,0.0066707503086895,2.779479295287296e-06,0,21:04:2013 ,11,22,43.65139,-72.3101214,1366518147,False,0.0,27600.0,"North Main Street, The Falls at Rivers Edge, West Lebanon, Lebanon, Grafton County, New Hampshire, 03784, United States",primary,road,North Main Street,us,15.0
99,40,24.12454136981183,0.0201037844748431,1.6753153729035995e-05,0,21:04:2013 ,11,42,43.6515657,-72.3102332,1366519347,True,1.0,1200.0,"North Main Street, The Falls at Rivers Edge, West Lebanon, Lebanon, Grafton County, New Hampshire, 03784, United States",primary,road,North Main Street,us,40.0
185,40,27.268834513439668,0.0227240287611997,1.89366906343331e-05,0,21:04:2013 ,12,2,43.6513671,-72.3102284,1366520547,True,1.0,1200.0,"North Main Street, The Falls at Rivers Edge, West Lebanon, Lebanon, Grafton County, New Hampshire, 03784, United States",primary,road,North Main Street,us,15.0
100,40,2.512687536610758,0.0020939062805089,1.7449219004241374e-06,0,21:04:2013 ,19,2,43.6514311,-72.3101252,1366545747,False,0.0,25200.0,"North Main Street, The Falls at Rivers Edge, West Lebanon, Lebanon, Grafton County, New Hampshire, 03784, United States",primary,road,North Main Street,us,40.0
7,40,28.889025832161263,0.0080247293978225,2.22909149939516e-06,0,21:04:2013 ,20,2,43.6516415,-72.309606,1366549347,True,1.0,3600.0,"North Main Street, The Falls at Rivers Edge, West Lebanon, Lebanon, Grafton County, New Hampshire, 03784, United States",primary,road,North Main Street,us,17.0
186,40,9.405417767030444,0.007837848139192,6.531540115993365e-06,1,22:04:2013 ,12,42,43.6513554,-72.3101509,1366609347,False,0.0,60000.0,"North Main Street, The Falls at Rivers Edge, West Lebanon, Lebanon, Grafton County, New Hampshire, 03784, United States",primary,road,North Main Street,us,15.0
101,40,20.77429748455944,0.0173119145704662,1.44265954753885e-05,1,22:04:2013 ,13,2,43.6515067,-72.3101576,1366610547,True,1.0,1200.0,"North Main Street, The Falls at Rivers Edge, West Lebanon, Lebanon, Grafton County, New Hampshire, 03784, United States",primary,road,North Main Street,us,40.0
102,40,3.63859228181378,0.0030321602348448,2.526800195704014e-06,1,22:04:2013 ,17,22,43.6514026,-72.3100831,1366626147,False,0.0,15600.0,"North Main Street, The Falls at Rivers Edge, West Lebanon, Lebanon, Grafton County, New Hampshire, 03784, United States",primary,road,North Main Street,us,40.0
142,40,22.586721112456782,0.0062740891979046,1.7428025549735172e-06,1,22:04:2013 ,18,22,43.6515671,-72.3098433,1366629747,True,1.0,3600.0,"North Main Street, The Falls at Rivers Edge, West Lebanon, Lebanon, Grafton County, New Hampshire, 03784, United States",primary,road,North Main Street,us,20.0
187,40,26.74707384159154,0.0222892282013262,1.857435683443857e-05,1,22:04:2013 ,18,42,43.6513723,-72.3100876,1366630947,True,1.0,1200.0,"North Main Street, The Falls at Rivers Edge, West Lebanon, Lebanon, Grafton County, New Hampshire, 03784, United States",primary,road,North Main Street,us,15.0
103,40,10.105667511160457,0.0084213895926337,7.017824660528094e-06,2,23:04:2013 ,13,42,43.6515611,-72.3101033,1366699347,False,0.0,68400.0,"North Main Street, The Falls at Rivers Edge, West Lebanon, Lebanon, Grafton County, New Hampshire, 03784, United States",primary,road,North Main Street,us,40.0
104,40,22.62791348164061,0.0188565945680338,1.5713828806694872e-05,2,23:04:2013 ,14,2,43.6513963,-72.3100091,1366700547,True,1.0,1200.0,"North Main Street, The Falls at Rivers Edge, West Lebanon, Lebanon, Grafton County, New Hampshire, 03784, United States",primary,road,North Main Street,us,40.0
105,40,4.077968412563754,0.0033983070104697,2.831922508724829e-06,2,23:04:2013 ,21,2,43.6514204,-72.3100528,1366725747,False,0.0,25200.0,"North Main Street, The Falls at Rivers Edge, West Lebanon, Lebanon, Grafton County, New Hampshire, 03784, United States",primary,road,North Main Street,us,40.0
106,40,26.472456228792613,0.0073534600635535,2.042627795431529e-06,2,23:04:2013 ,22,2,43.6516132,-72.3100965,1366729347,True,1.0,3600.0,"North Main Street, The Falls at Rivers Edge, West Lebanon, Lebanon, Grafton County, New Hampshire, 03784, United States",primary,road,North Main Street,us,40.0
107,40,10.819654586023011,0.0090163788216858,7.513649018071535e-06,3,24:04:2013 ,21,22,43.6515687,-72.3100586,1366813347,False,0.0,84000.0,"North Main Street, The Falls at Rivers Edge, West Lebanon, Lebanon, Grafton County, New Hampshire, 03784, United States",primary,road,North Main Street,us,40.0
108,40,24.01469667042725,0.010006123612678,4.169218171949176e-06,3,24:04:2013 ,22,2,43.6513938,-72.31011,1366815747,True,1.0,2400.0,"North Main Street, The Falls at Rivers Edge, West Lebanon, Lebanon, Grafton County, New Hampshire, 03784, United States",primary,road,North Main Street,us,40.0
164,40,2.4303036996366045,0.0020252530830305,1.6877109025254195e-06,4,25:04:2013 ,1,22,43.651496,-72.3103594,1366827747,False,0.0,12000.0,"North Main Street, The Falls at Rivers Edge, West Lebanon, Lebanon, Grafton County, New Hampshire, 03784, United States",primary,road,North Main Street,us,6.0
22,40,69.43518505319585,0.0052602412919087,3.985031281749073e-07,4,25:04:2013 ,5,2,43.6520017,-72.3098095,1366840947,True,1.0,13200.0,"North Main Street, The Falls at Rivers Edge, West Lebanon, Lebanon, Grafton County, New Hampshire, 03784, United States",primary,road,North Main Street,us,4.0
143,40,64.93157205595249,0.0541096433799604,4.509136948330033e-05,4,25:04:2013 ,5,22,43.6515288,-72.3098649,1366842147,True,1.0,1200.0,"North Main Street, The Falls at Rivers Edge, West Lebanon, Lebanon, Grafton County, New Hampshire, 03784, United States",primary,road,North Main Street,us,20.0
144,40,6.233658825903088,0.0051947156882525,4.3289297402104784e-06,4,25:04:2013 ,7,42,43.6515076,-72.3098831,1366850547,False,0.0,8400.0,"North Main Street, The Falls at Rivers Edge, West Lebanon, Lebanon, Grafton County, New Hampshire, 03784, United States",primary,road,North Main Street,us,20.0
8,40,44.29464257600979,0.0369122021466748,3.076016845556236e-05,4,25:04:2013 ,8,2,43.6518302,-72.3097579,1366851747,True,1.0,1200.0,"North Main Street, The Falls at Rivers Edge, West Lebanon, Lebanon, Grafton County, New Hampshire, 03784, United States",primary,road,North Main Street,us,17.0
9,40,1.3593197522921616,0.0011327664602434,9.4397205020289e-07,4,25:04:2013 ,8,22,43.6518401,-72.3097637,1366852947,False,0.0,1200.0,"North Main Street, The Falls at Rivers Edge, West Lebanon, Lebanon, Grafton County, New Hampshire, 03784, United States",primary,road,North Main Street,us,17.0
145,40,47.31535624860374,0.0394294635405031,3.28578862837526e-05,4,25:04:2013 ,8,42,43.6514955,-72.3099091,1366854147,True,1.0,1200.0,"North Main Street, The Falls at Rivers Edge, West Lebanon, Lebanon, Grafton County, New Hampshire, 03784, United States",primary,road,North Main Street,us,20.0
23,40,55.0044362570174,0.0458370302141811,3.819752517848431e-05,4,25:04:2013 ,9,2,43.6518961,-72.3098182,1366855347,True,1.0,1200.0,"North Main Street, The Falls at Rivers Edge, West Lebanon, Lebanon, Grafton County, New Hampshire, 03784, United States",primary,road,North Main Street,us,4.0
146,40,53.137084420975846,0.0442809036841465,3.690075307012212e-05,4,25:04:2013 ,9,22,43.6515091,-72.3099053,1366856547,True,1.0,1200.0,"North Main Street, The Falls at Rivers Edge, West Lebanon, Lebanon, Grafton County, New Hampshire, 03784, United States",primary,road,North Main Street,us,20.0
147,40,0.9885979717434454,0.0008238316431195,6.865263692662816e-07,4,25:04:2013 ,9,42,43.6515163,-72.309945,1366857747,False,0.0,1200.0,"North Main Street, The Falls at Rivers Edge, West Lebanon, Lebanon, Grafton County, New Hampshire, 03784, United States",primary,road,North Main Street,us,20.0
10,40,43.4570797608737,0.0362142331340614,3.017852761171785e-05,4,25:04:2013 ,10,2,43.6518328,-72.3097782,1366858947,True,1.0,1200.0,"North Main Street, The Falls at Rivers Edge, West Lebanon, Lebanon, Grafton County, New Hampshire, 03784, United States",primary,road,North Main Street,us,17.0
11,40,5.547122475215945,0.0046226020626799,3.852168385566629e-06,4,25:04:2013 ,10,22,43.6518732,-72.3098029,1366860147,False,0.0,1200.0,"North Main Street, The Falls at Rivers Edge, West Lebanon, Lebanon, Grafton County, New Hampshire, 03784, United States",primary,road,North Main Street,us,17.0
148,40,48.41378957697106,0.0403448246474758,3.36206872062299e-05,4,25:04:2013 ,10,42,43.6515206,-72.3099265,1366861347,True,1.0,1200.0,"North Main Street, The Falls at Rivers Edge, West Lebanon, Lebanon, Grafton County, New Hampshire, 03784, United States",primary,road,North Main Street,us,20.0
149,40,1.7849682837151792,0.0014874735697626,1.2395613081355412e-06,4,25:04:2013 ,12,2,43.651534,-72.3099117,1366866147,False,0.0,4800.0,"North Main Street, The Falls at Rivers Edge, West Lebanon, Lebanon, Grafton County, New Hampshire, 03784, United States",primary,road,North Main Street,us,20.0
12,40,36.75658985552248,0.0306304915462687,2.552540962189061e-05,4,25:04:2013 ,12,22,43.6518017,-72.3097615,1366867347,True,1.0,1200.0,"North Main Street, The Falls at Rivers Edge, West Lebanon, Lebanon, Grafton County, New Hampshire, 03784, United States",primary,road,North Main Street,us,17.0
150,40,38.62394142988024,0.0321866178582335,2.6822181548527945e-05,4,25:04:2013 ,12,42,43.6515204,-72.3099241,1366868547,True,1.0,1200.0,"North Main Street, The Falls at Rivers Edge, West Lebanon, Lebanon, Grafton County, New Hampshire, 03784, United States",primary,road,North Main Street,us,20.0
13,40,40.10683593886103,0.0334223632823841,2.7851969401986823e-05,4,25:04:2013 ,13,2,43.6518125,-72.3097198,1366869747,True,1.0,1200.0,"North Main Street, The Falls at Rivers Edge, West Lebanon, Lebanon, Grafton County, New Hampshire, 03784, United States",primary,road,North Main Street,us,17.0
151,40,39.26927381734847,0.0327243948477903,2.727032903982533e-05,4,25:04:2013 ,13,22,43.6515265,-72.3098731,1366870947,True,1.0,1200.0,"North Main Street, The Falls at Rivers Edge, West Lebanon, Lebanon, Grafton County, New Hampshire, 03784, United States",primary,road,North Main Street,us,20.0
14,40,44.73401391993252,0.037278344933277,3.106528744439758e-05,4,25:04:2013 ,13,42,43.6518523,-72.3097128,1366872147,True,1.0,1200.0,"North Main Street, The Falls at Rivers Edge, West Lebanon, Lebanon, Grafton County, New Hampshire, 03784, United States",primary,road,North Main Street,us,17.0
15,40,1.963461755968144,0.0016362181299734,1.3635151083112108e-06,4,25:04:2013 ,14,2,43.651838,-72.3097253,1366873347,False,0.0,1200.0,"North Main Street, The Falls at Rivers Edge, West Lebanon, Lebanon, Grafton County, New Hampshire, 03784, United States",primary,road,North Main Street,us,17.0
152,40,39.33792082030466,0.0327816006835872,2.731800056965601e-05,4,25:04:2013 ,14,22,43.6515515,-72.3098168,1366874547,True,1.0,1200.0,"North Main Street, The Falls at Rivers Edge, West Lebanon, Lebanon, Grafton County, New Hampshire, 03784, United States",primary,road,North Main Street,us,20.0
24,40,45.87363905923726,0.0382280325493643,3.185669379113698e-05,4,25:04:2013 ,14,42,43.6518856,-72.3098067,1366875747,True,1.0,1200.0,"North Main Street, The Falls at Rivers Edge, West Lebanon, Lebanon, Grafton County, New Hampshire, 03784, United States",primary,road,North Main Street,us,4.0
25,40,0.0,0.0,0.0,4,25:04:2013 ,15,2,43.6518856,-72.3097926,1366876947,False,0.0,1200.0,"North Main Street, The Falls at Rivers Edge, West Lebanon, Lebanon, Grafton County, New Hampshire, 03784, United States",primary,road,North Main Street,us,4.0
153,40,50.363520954255,0.0419696007952125,3.497466732934375e-05,4,25:04:2013 ,15,22,43.6515188,-72.3098706,1366878147,True,1.0,1200.0,"North Main Street, The Falls at Rivers Edge, West Lebanon, Lebanon, Grafton County, New Hampshire, 03784, United States",primary,road,North Main Street,us,20.0
154,40,3.322787291616587,0.0027689894096804,2.307491174733741e-06,4,25:04:2013 ,15,42,43.651543,-72.3098137,1366879347,False,0.0,1200.0,"North Main Street, The Falls at Rivers Edge, West Lebanon, Lebanon, Grafton County, New Hampshire, 03784, United States",primary,road,North Main Street,us,20.0
16,40,43.31976824117915,0.0360998068676492,3.0083172389707743e-05,4,25:04:2013 ,16,2,43.6518585,-72.3098213,1366880547,True,1.0,1200.0,"North Main Street, The Falls at Rivers Edge, West Lebanon, Lebanon, Grafton County, New Hampshire, 03784, United States",primary,road,North Main Street,us,17.0
155,40,40.95811804276604,0.0341317650356383,2.844313752969864e-05,4,25:04:2013 ,16,22,43.6515602,-72.3098878,1366881747,True,1.0,1200.0,"North Main Street, The Falls at Rivers Edge, West Lebanon, Lebanon, Grafton County, New Hampshire, 03784, United States",primary,road,North Main Street,us,20.0
156,40,9.048417451987032,1.8096834903974064,0.3619366980794813,4,25:04:2013 ,21,42,43.6515478,-72.30989,1366900952,False,0.0,19205.0,"North Main Street, The Falls at Rivers Edge, West Lebanon, Lebanon, Grafton County, New Hampshire, 03784, United States",primary,road,North Main Street,us,20.0
